booking_id,room_no,customer_id,check_in_date,no_of_days_booking,payment_id,payment_status
VB6XWG,130,100001,2024-02-07,3,SZCXQOSP,Paid
30GDVR,107,100002,2024-03-17,1,QJLQNBOC,Paid
NNNQVJ,197,100003,2024-03-26,1,0S0PXZZI,Paid
7CX9WV,173,100004,2024-03-27,4,ADFHCABU,Paid
SPPNEK,105,100005,2024-02-04,6,OG571GRI,Paid
80RFZ7,114,100006,2024-01-21,2,B0N791YT,Paid
PP527I,136,100007,2024-02-09,6,E5MFC3H7,Paid
CS9XXQ,158,100008,2024-02-21,7,V6TF11UH,Paid
OUGTPI,140,100009,2024-02-23,4,SHNAYGOX,Paid
TKQK6W,153,100010,2024-03-15,3,CL7K84BW,Paid
3IHT7R,163,100011,2024-03-26,1,1WV7KWKC,Paid
R9XKU7,184,100012,2024-02-20,5,GAR0KYEB,Paid
6EW0PD,168,100013,2024-02-04,7,72OS71ZP,Paid
R969GV,116,100014,2024-01-13,1,VM4JX618,Paid
OUL349,142,100015,2024-03-31,1,VHKXGZ5L,Paid
UCZFPR,178,100016,2024-03-03,6,JK4JJ63Q,Paid
3VEUGM,157,100017,2024-01-11,4,Z8YY7J9X,Paid
RY71IL,159,100018,2024-03-30,1,IDVSFNTF,Paid
9AFYDD,160,100019,2024-01-27,2,BZA1BIJJ,Paid
76YXTX,152,100020,2024-03-14,6,O5Y1U7F4,Paid
41415M,137,100021,2024-02-13,7,XYXDODOA,Paid
IX9X1G,118,100022,2024-03-12,4,VMNMQWVT,Paid
9X44AH,190,100023,2024-03-22,5,OZ3EKDIW,Paid
DBJ2KJ,126,100024,2024-03-22,1,9A72FE1L,Paid
MH9Q3V,112,100025,2024-04-09,1,C8VB604O,Paid
DTMQNT,194,100026,2024-02-28,1,N7X9TILE,Paid
C64FNG,149,100027,2024-02-26,2,2258URXX,Paid
WTAPRN,200,100028,2024-03-04,3,WW0A8WBC,Paid
6KY4WO,104,100029,2024-04-06,3,U3FT00ZX,Paid
MXPQAR,129,100030,2024-04-02,1,E4IAXD5G,Paid
646Y13,125,100031,2024-01-11,7,9PYJZGE8,Paid
31OX0K,124,100032,2024-01-02,3,ASPES7F1,Paid
8OYH06,101,100033,2024-03-27,3,0TB4TLI2,Paid
8BE844,172,100034,2024-03-17,2,EJSKTTZ9,Paid
H48GA3,115,100035,2024-03-23,5,C1E8NIXL,Paid
13NCJF,193,100036,2024-01-10,5,G961BMRC,Paid
RK96F5,134,100037,2024-01-01,7,UV9Z3XBF,Paid
F5YYC6,195,100038,2024-03-11,3,GA49HRHX,Paid
BOWVNC,122,100039,2024-01-27,2,QP24K1A9,Paid
EDU619,148,100040,2024-03-29,5,5QU09X28,Paid
MZEADQ,141,100041,2024-02-12,3,OBKCWKSE,Paid
ZMAKYI,132,100042,2024-01-29,5,IBYHTH35,Paid
LXDKBQ,109,100043,2024-03-13,6,7Z5AX4FR,Paid
NUG5UC,131,100044,2024-02-10,6,J5PAIBCE,Paid
XF0GAM,139,100045,2024-02-02,4,E8T0TI9O,Paid
6MMRMF,119,100046,2024-02-10,4,W5CFZCVN,Paid
UHJVV2,167,100047,2024-03-13,6,79UCUP0M,Paid
1DQW86,150,100048,2024-03-02,2,KXBP8G6E,Paid
64ZDBE,120,100049,2024-02-26,2,V3RGW5UA,Paid
BQ9FR7,133,100050,2024-02-24,2,2AJI8BRO,Paid
2EY2NH,162,100051,2024-02-13,3,ICHSX5JQ,Paid
TTHNQS,188,100052,2024-02-13,2,IM64O4KL,Paid
Q07ABO,147,100053,2024-02-26,4,VG19CRCP,Paid
O0IHXU,110,100054,2024-03-06,1,3L68UZ7B,Paid
DB056X,192,100055,2024-02-11,7,USO9FH8N,Paid
8HB7L6,183,100056,2024-02-29,1,ZQ4BD001,Paid
B9RPT3,144,100057,2024-02-03,1,8C16F21B,Paid
UM4O3A,196,100058,2024-02-20,7,NW46FA3K,Paid
2B8NM8,182,100059,2024-01-27,1,6L4QPDC2,Paid
M1QPJP,143,100060,2024-02-15,7,4OA3YAQ8,Paid
9UGQTL,187,100061,2024-03-18,2,9XC5H4CP,Paid
ZJZTSP,181,100062,2024-01-24,7,ICXLRR3R,Paid
WJE33W,191,100063,2024-02-19,3,PYWYSXCS,Paid
E2NWT6,171,100064,2024-02-08,2,9LGB37OJ,Paid
XMAPBE,166,100065,2024-01-08,1,VCBGPFF6,Paid
V7XD2N,177,100066,2024-01-09,6,G7WAEUG3,Paid
B3CVUY,156,100067,2024-01-06,3,62D2ZGPQ,Paid
MLPGZI,179,100068,2024-01-15,3,ST4UH79J,Paid
UYJTC5,146,100069,2024-02-10,1,T9WE1DEW,Paid
6JFWRX,102,100070,2024-03-10,2,U71Y6NPL,Paid
0J4ZAY,111,100071,2024-03-13,6,LTC8DZHH,Paid
C1WT76,164,100072,2024-01-04,2,XX5B0ZSI,Paid
KNKU0S,151,100073,2024-04-01,4,5PKQ5UET,Paid
PJBX77,138,100074,2024-01-04,5,BLPZV95R,Paid
K90QOR,198,100075,2024-03-08,4,KT01VZ7F,Paid
JFZKZF,165,100076,2024-03-31,2,5OJFWS58,Paid
BAXRPA,176,100077,2024-02-17,5,OJ0JP20L,Paid
FMFEXT,154,100078,2024-01-31,4,X89PM0BK,Paid
R0JX1P,117,100079,2024-03-30,4,PVFCR9YG,Paid
DNHFUH,106,100080,2024-01-16,4,FTEUPAXH,Paid
TSN3V2,170,100081,2024-01-01,2,null,Not Paid
DQQCMX,180,100082,2024-01-11,7,null,Not Paid
X4JSHF,189,100083,2024-02-29,6,null,Not Paid
HSK51L,175,100084,2024-01-14,1,null,Not Paid
4YJFCO,145,100085,2024-04-08,1,null,Not Paid
JQ1CK1,127,100086,2024-01-11,3,null,Not Paid
28NZ91,108,100087,2024-01-06,6,null,Not Paid
5W1N27,135,100088,2024-02-02,6,null,Not Paid
KYTF37,174,100089,2024-01-30,2,null,Not Paid
9TDV11,121,100090,2024-04-09,5,null,Not Paid
0HMB5T,103,100091,2024-02-23,4,null,Not Paid
E4IDZR,185,100092,2024-01-06,2,null,Not Paid
S5WAA2,199,100093,2024-04-03,4,null,Not Paid
UNI6CA,128,100094,2024-02-04,4,null,Not Paid
MQZBAM,186,100095,2024-01-01,1,null,Not Paid
SSUULT,113,100096,2024-03-06,2,null,Not Paid
IFJ6U3,155,100097,2024-03-31,7,null,Not Paid
B7YGQC,161,100098,2024-03-28,5,null,Not Paid
VYOK4S,123,100099,2024-04-02,1,null,Not Paid
MTCRIH,169,100100,2024-01-26,5,null,Not Paid
